Model,MAE,RMSE,R2
LinearRegression,1.0323960664915224,1.3079505685469373,-0.2659129377099083
RandomForest,0.9743044246896561,1.1994000585971918,-0.06450892721077417
XGBoost,1.121072913878342,1.4855998193449387,-0.6331454011369446
